{"indexes":[{"v":{"$numberInt":"2"},"key":{"_id":{"$numberInt":"1"}},"name":"_id_"},{"v":{"$numberInt":"2"},"unique":true,"key":{"id":{"$numberInt":"1"}},"name":"transaction_id"},{"v":{"$numberInt":"2"},"key":{"asset.id":{"$numberInt":"1"}},"name":"asset_id"},{"v":{"$numberInt":"2"},"key":{"outputs.public_keys":{"$numberInt":"1"}},"name":"outputs"},{"v":{"$numberInt":"2"},"key":{"inputs.fulfills.transaction_id":{"$numberInt":"1"},"inputs.fulfills.output_index":{"$numberInt":"1"}},"name":"inputs"}],"uuid":"8e4e2ae608974de98c7cd4bf804a28b0","collectionName":"transactions"}